state,county,primary_city,zip,locality type,address,phone
MN,Washington County,Afton,55001,County,"14949 62nd St N  Stillwater, MN 55082",651-430-6175
MN,Washington County,Bayport,55003,County,"14949 62nd St N  Stillwater, MN 55082",651-430-6175
MN,Anoka County,Bethel,55005,County,"2100 3rd Ave, Suite W130  Anoka, MN 55303-5031",763-324-1300
MN,Isanti County,Braham,55006,County,"555 18th Avenue SW  Cambridge, MN 55008",763-689-1644
MN,Kanabec County,Brook Park,55007,County,"18 N Vine St Ste 261-A  Mora, MN 55051-1351",320-679-6430
MN,Isanti County,Cambridge,55008,County,"555 18th Avenue SW  Cambridge, MN 55008",763-689-1644
MN,Goodhue County,Cannon Falls,55009,County,"509 W 5th St  Red Wing, MN 55066",651-385-3040
MN,Anoka County,Cedar,55011,County,"2100 3rd Ave, Suite W130  Anoka, MN 55303-5031",763-324-1300
MN,Chisago County,Center City,55012,County,"313 N Main St Rm 271  Center City, MN 55012-7656",651-213-8509
MN,Chisago County,Chisago City,55013,County,"313 N Main St Rm 271  Center City, MN 55012-7656",651-213-8509
MN,Anoka County,Circle Pines,55014,County,"2100 3rd Ave, Suite W130  Anoka, MN 55303-5031",763-324-1300
MN,Washington County,Cottage Grove,55016,County,"14949 62nd St N  Stillwater, MN 55082",651-430-6175
MN,Isanti County,Dalbo,55017,County,"555 18th Avenue SW  Cambridge, MN 55008",763-689-1644
MN,Goodhue County,Dennison,55018,County,"509 W 5th St  Red Wing, MN 55066",651-385-3040
MN,Rice County,Dundas,55019,County,"320 3rd St NW  Faribault, MN 55021",507-332-6104
MN,Scott County,Elko New Market,55020,County,"600 County Trail E Jordan, MN 55352",952-496-8560
MN,Rice County,Faribault,55021,County,"320 3rd St NW  Faribault, MN 55021",507-332-6104
MN,Dakota County,Farmington,55024,County,"1590 Highway 55 Ste 2300  Hastings, MN 55033",651-438-4305
MN,Washington County,Forest Lake,55025,County,"14949 62nd St N  Stillwater, MN 55082",651-430-6175
MN,Goodhue County,Frontenac,55026,County,"509 W 5th St  Red Wing, MN 55066",651-385-3040
MN,Goodhue County,Goodhue,55027,County,"509 W 5th St  Red Wing, MN 55066",651-385-3040
MN,Pine County,Grasston,55030,County,"635 Northridge Dr NW Ste 240  Pine City, MN 55063",320-591-1670
MN,Dakota County,Hampton,55031,County,"1590 Highway 55 Ste 2300  Hastings, MN 55033",651-438-4305
MN,Chisago County,Harris,55032,County,"313 N Main St Rm 271  Center City, MN 55012-7656",651-213-8509
MN,Dakota County,Hastings,55033,County,"1590 Highway 55 Ste 2300  Hastings, MN 55033",651-438-4305
MN,Pine County,Henriette,55036,County,"635 Northridge Dr NW Ste 240  Pine City, MN 55063",320-591-1670
MN,Pine County,Hinckley,55037,County,"635 Northridge Dr NW Ste 240  Pine City, MN 55063",320-591-1670
MN,Washington County,Hugo,55038,County,"14949 62nd St N  Stillwater, MN 55082",651-430-6175
MN,Isanti County,Isanti,55040,County,"555 18th Avenue SW  Cambridge, MN 55008",763-689-1644
MN,Wabasha County,Lake City,55041,County,"625 Jefferson Ave  Wabasha, MN 55981",651-565-2648
MN,Washington County,Lake Elmo,55042,County,"14949 62nd St N  Stillwater, MN 55082",651-430-6175
MN,Washington County,Lakeland,55043,County,"14949 62nd St N  Stillwater, MN 55082",651-430-6175
MN,Dakota County,Lakeville,55044,County,"1590 Highway 55 Ste 2300  Hastings, MN 55033",651-438-4305
MN,Chisago County,Lindstrom,55045,County,"313 N Main St Rm 271  Center City, MN 55012-7656",651-213-8509
MN,Rice County,Lonsdale,55046,County,"320 3rd St NW  Faribault, MN 55021",507-332-6104
MN,Washington County,Marine On Saint Croix,55047,County,"14949 62nd St N  Stillwater, MN 55082",651-430-6175
MN,Steele County,Medford,55049,County,"630 Florence Ave  Owatonna, MN 55060",507-444-7410
MN,Kanabec County,Mora,55051,County,"18 N Vine St Ste 261-A  Mora, MN 55051-1351",320-679-6430
MN,Rice County,Morristown,55052,County,"320 3rd St NW  Faribault, MN 55021",507-332-6104
MN,Rice County,Nerstrand,55053,County,"320 3rd St NW  Faribault, MN 55021",507-332-6104
MN,Scott County,Elko New Market,55054,County,"600 County Trail E Jordan, MN 55352",952-496-8560
MN,Washington County,Newport,55055,County,"14949 62nd St N  Stillwater, MN 55082",651-430-6175
MN,Chisago County,North Branch,55056,County,"313 N Main St Rm 271  Center City, MN 55012-7656",651-213-8509
MN,Rice County,Northfield,55057,County,"320 3rd St NW  Faribault, MN 55021",507-332-6104
MN,Steele County,Owatonna,55060,County,"630 Florence Ave  Owatonna, MN 55060",507-444-7410
MN,Pine County,Pine City,55063,County,"635 Northridge Dr NW Ste 240  Pine City, MN 55063",320-591-1670
MN,Dakota County,Randolph,55065,County,"1590 Highway 55 Ste 2300  Hastings, MN 55033",651-438-4305
MN,Goodhue County,Red Wing,55066,County,"509 W 5th St  Red Wing, MN 55066",651-385-3040
MN,Dakota County,Rosemount,55068,County,"1590 Highway 55 Ste 2300  Hastings, MN 55033",651-438-4305
MN,Chisago County,Rush City,55069,County,"313 N Main St Rm 271  Center City, MN 55012-7656",651-213-8509
MN,Anoka County,Saint Francis,55070,County,"2100 3rd Ave, Suite W130  Anoka, MN 55303-5031",763-324-1300
MN,Washington County,Saint Paul Park,55071,County,"14949 62nd St N  Stillwater, MN 55082",651-430-6175
MN,Pine County,Sandstone,55072,County,"635 Northridge Dr NW Ste 240  Pine City, MN 55063",320-591-1670
MN,Washington County,Scandia,55073,County,"14949 62nd St N  Stillwater, MN 55082",651-430-6175
MN,Chisago County,Shafer,55074,County,"313 N Main St Rm 271  Center City, MN 55012-7656",651-213-8509
MN,Dakota County,South Saint Paul,55075,County,"1590 Highway 55 Ste 2300  Hastings, MN 55033",651-438-4305
MN,Dakota County,Inver Grove Heights,55076,County,"1590 Highway 55 Ste 2300  Hastings, MN 55033",651-438-4305
MN,Dakota County,Inver Grove Heights,55077,County,"1590 Highway 55 Ste 2300  Hastings, MN 55033",651-438-4305
MN,Chisago County,Stacy,55079,County,"313 N Main St Rm 271  Center City, MN 55012-7656",651-213-8509
MN,Isanti County,Stanchfield,55080,County,"555 18th Avenue SW  Cambridge, MN 55008",763-689-1644
MN,Washington County,Stillwater,55082,County,"14949 62nd St N  Stillwater, MN 55082",651-430-6175
MN,Chisago County,Taylors Falls,55084,County,"313 N Main St Rm 271  Center City, MN 55012-7656",651-213-8509
MN,Rice County,Warsaw,55087,County,"320 3rd St NW  Faribault, MN 55021",507-332-6104
MN,Rice County,Webster,55088,County,"320 3rd St NW  Faribault, MN 55021",507-332-6104
MN,Goodhue County,Welch,55089,County,"509 W 5th St  Red Wing, MN 55066",651-385-3040
MN,Chisago County,Wyoming,55092,County,"313 N Main St Rm 271  Center City, MN 55012-7656",651-213-8509
MN,Ramsey County,Saint Paul,55101,County,"90 W Plato Blvd Ste 160  St Paul, MN 55107",651-266-2171
MN,Ramsey County,Saint Paul,55102,County,"90 W Plato Blvd Ste 160  St Paul, MN 55107",651-266-2171
MN,Ramsey County,Saint Paul,55103,County,"90 W Plato Blvd Ste 160  St Paul, MN 55107",651-266-2171
MN,Ramsey County,Saint Paul,55104,County,"90 W Plato Blvd Ste 160  St Paul, MN 55107",651-266-2171
MN,Ramsey County,Saint Paul,55105,County,"90 W Plato Blvd Ste 160  St Paul, MN 55107",651-266-2171
MN,Ramsey County,Saint Paul,55106,County,"90 W Plato Blvd Ste 160  St Paul, MN 55107",651-266-2171
MN,Ramsey County,Saint Paul,55107,County,"90 W Plato Blvd Ste 160  St Paul, MN 55107",651-266-2171
MN,Ramsey County,Saint Paul,55108,County,"90 W Plato Blvd Ste 160  St Paul, MN 55107",651-266-2171
MN,Ramsey County,Saint Paul,55109,County,"90 W Plato Blvd Ste 160  St Paul, MN 55107",651-266-2171
MN,Ramsey County,Saint Paul,55110,County,"90 W Plato Blvd Ste 160  St Paul, MN 55107",651-266-2171
MN,Hennepin County,Saint Paul,55111,County,"300 South 6th St MC 012  Minneapolis, MN 55487-0012",612-348-5151
MN,Ramsey County,Saint Paul,55112,County,"90 W Plato Blvd Ste 160  St Paul, MN 55107",651-266-2171
MN,Ramsey County,Saint Paul,55113,County,"90 W Plato Blvd Ste 160  St Paul, MN 55107",651-266-2171
MN,Ramsey County,Saint Paul,55114,County,"90 W Plato Blvd Ste 160  St Paul, MN 55107",651-266-2171
MN,Washington County,Saint Paul,55115,County,"14949 62nd St N  Stillwater, MN 55082",651-430-6175
MN,Ramsey County,Saint Paul,55116,County,"90 W Plato Blvd Ste 160  St Paul, MN 55107",651-266-2171
MN,Ramsey County,Saint Paul,55117,County,"90 W Plato Blvd Ste 160  St Paul, MN 55107",651-266-2171
MN,Dakota County,Saint Paul,55118,County,"1590 Highway 55 Ste 2300  Hastings, MN 55033",651-438-4305
MN,Ramsey County,Saint Paul,55119,County,"90 W Plato Blvd Ste 160  St Paul, MN 55107",651-266-2171
MN,Dakota County,Saint Paul,55120,County,"1590 Highway 55 Ste 2300  Hastings, MN 55033",651-438-4305
MN,Dakota County,Saint Paul,55121,County,"1590 Highway 55 Ste 2300  Hastings, MN 55033",651-438-4305
MN,Dakota County,Saint Paul,55122,County,"1590 Highway 55 Ste 2300  Hastings, MN 55033",651-438-4305
MN,Dakota County,Saint Paul,55123,County,"1590 Highway 55 Ste 2300  Hastings, MN 55033",651-438-4305
MN,Dakota County,Saint Paul,55124,County,"1590 Highway 55 Ste 2300  Hastings, MN 55033",651-438-4305
MN,Washington County,Saint Paul,55125,County,"14949 62nd St N  Stillwater, MN 55082",651-430-6175
MN,Ramsey County,Saint Paul,55126,County,"90 W Plato Blvd Ste 160  St Paul, MN 55107",651-266-2171
MN,Ramsey County,Saint Paul,55127,County,"90 W Plato Blvd Ste 160  St Paul, MN 55107",651-266-2171
MN,Washington County,Saint Paul,55128,County,"14949 62nd St N  Stillwater, MN 55082",651-430-6175
MN,Washington County,Saint Paul,55129,County,"14949 62nd St N  Stillwater, MN 55082",651-430-6175
MN,Ramsey County,Saint Paul,55130,County,"90 W Plato Blvd Ste 160  St Paul, MN 55107",651-266-2171
MN,Wright County,Albertville,55301,County,"10 2nd St NW Rm 230  Buffalo, MN 55313-1195",763-682-7692
MN,Wright County,Annandale,55302,County,"10 2nd St NW Rm 230  Buffalo, MN 55313-1195",763-682-7692
MN,Anoka County,Anoka,55303,County,"2100 3rd Ave, Suite W130  Anoka, MN 55303-5031",763-324-1300
MN,Anoka County,Andover,55304,County,"2100 3rd Ave, Suite W130  Anoka, MN 55303-5031",763-324-1300
MN,Hennepin County,Hopkins,55305,County,"300 South 6th St MC 012  Minneapolis, MN 55487-0012",612-348-5151
MN,Dakota County,Burnsville,55306,County,"1590 Highway 55 Ste 2300  Hastings, MN 55033",651-438-4305
MN,Sibley County,Arlington,55307,County,"400 Court Avenue  Gaylord, MN 55334-0171",507-237-4070
MN,Sherburne County,Becker,55308,County,"13880 Business Center Drive NW  Elk River, MN 55330",763-765-4351
MN,Sherburne County,Big Lake,55309,County,"13880 Business Center Drive NW  Elk River, MN 55330",763-765-4351
MN,Renville County,Bird Island,55310,County,"500 E Depue Ave Ste 202  Olivia, MN 56277",320-523-2071
MN,Hennepin County,Osseo,55311,County,"300 South 6th St MC 012  Minneapolis, MN 55487-0012",612-348-5151
MN,McLeod County,Brownton,55312,County,"2391 Hennepin Ave N  Glencoe, MN 55336",320-864-1203
MN,Wright County,Buffalo,55313,County,"10 2nd St NW Rm 230  Buffalo, MN 55313-1195",763-682-7692
MN,Renville County,Buffalo Lake,55314,County,"500 E Depue Ave Ste 202  Olivia, MN 56277",320-523-2071
MN,Carver County,Carver,55315,County,"600 E Fourth St  Chaska, MN 55318-2102",952-361-1941
MN,Hennepin County,Champlin,55316,County,"300 South 6th St MC 012  Minneapolis, MN 55487-0012",612-348-5151
MN,Carver County,Chanhassen,55317,County,"600 E Fourth St  Chaska, MN 55318-2102",952-361-1941
MN,Carver County,Chaska,55318,County,"600 E Fourth St  Chaska, MN 55318-2102",952-361-1941
MN,Sherburne County,Clear Lake,55319,County,"13880 Business Center Drive NW  Elk River, MN 55330",763-765-4351
MN,Wright County,Clearwater,55320,County,"10 2nd St NW Rm 230  Buffalo, MN 55313-1195",763-682-7692
MN,Wright County,Cokato,55321,County,"10 2nd St NW Rm 230  Buffalo, MN 55313-1195",763-682-7692
MN,Carver County,Cologne,55322,County,"600 E Fourth St  Chaska, MN 55318-2102",952-361-1941
MN,Meeker County,Darwin,55324,County,"325 Sibley Ave N  Litchfield, MN 55355",320-693-5212
MN,Meeker County,Dassel,55325,County,"325 Sibley Ave N  Litchfield, MN 55355",320-693-5212
MN,Hennepin County,Dayton,55327,County,"300 South 6th St MC 012  Minneapolis, MN 55487-0012",612-348-5151
MN,Wright County,Delano,55328,County,"10 2nd St NW Rm 230  Buffalo, MN 55313-1195",763-682-7692
MN,Stearns County,Eden Valley,55329,County,"3301 County Road 138  Waite Park, MN 56387",320-656-6522
MN,Sherburne County,Elk River,55330,County,"13880 Business Center Drive NW  Elk River, MN 55330",763-765-4351
MN,Hennepin County,Excelsior,55331,County,"300 South 6th St MC 012  Minneapolis, MN 55487-0012",612-348-5151
MN,Renville County,Fairfax,55332,County,"500 E Depue Ave Ste 202  Olivia, MN 56277",320-523-2071
MN,Renville County,Franklin,55333,County,"500 E Depue Ave Ste 202  Olivia, MN 56277",320-523-2071
MN,Sibley County,Gaylord,55334,County,"400 Court Avenue  Gaylord, MN 55334-0171",507-237-4070
MN,Sibley County,Gibbon,55335,County,"400 Court Avenue  Gaylord, MN 55334-0171",507-237-4070
MN,McLeod County,Glencoe,55336,County,"2391 Hennepin Ave N  Glencoe, MN 55336",320-864-1203
MN,Dakota County,Burnsville,55337,County,"1590 Highway 55 Ste 2300  Hastings, MN 55033",651-438-4305
MN,Sibley County,Green Isle,55338,County,"400 Court Avenue  Gaylord, MN 55334-0171",507-237-4070
MN,Carver County,Hamburg,55339,County,"600 E Fourth St  Chaska, MN 55318-2102",952-361-1941
MN,Hennepin County,Hamel,55340,County,"300 South 6th St MC 012  Minneapolis, MN 55487-0012",612-348-5151
MN,Wright County,Hanover,55341,County,"10 2nd St NW Rm 230  Buffalo, MN 55313-1195",763-682-7692
MN,Renville County,Hector,55342,County,"500 E Depue Ave Ste 202  Olivia, MN 56277",320-523-2071
MN,Hennepin County,Hopkins,55343,County,"300 South 6th St MC 012  Minneapolis, MN 55487-0012",612-348-5151
MN,Hennepin County,Eden Prairie,55344,County,"300 South 6th St MC 012  Minneapolis, MN 55487-0012",612-348-5151
MN,Hennepin County,Minnetonka,55345,County,"300 South 6th St MC 012  Minneapolis, MN 55487-0012",612-348-5151
MN,Hennepin County,Eden Prairie,55346,County,"300 South 6th St MC 012  Minneapolis, MN 55487-0012",612-348-5151
MN,Hennepin County,Eden Prairie,55347,County,"300 South 6th St MC 012  Minneapolis, MN 55487-0012",612-348-5151
MN,Wright County,Howard Lake,55349,County,"10 2nd St NW Rm 230  Buffalo, MN 55313-1195",763-682-7692
MN,McLeod County,Hutchinson,55350,County,"2391 Hennepin Ave N  Glencoe, MN 55336",320-864-1203
MN,Scott County,Jordan,55352,County,"600 County Trail E Jordan, MN 55352",952-496-8560
MN,Stearns County,Kimball,55353,County,"3301 County Road 138  Waite Park, MN 56387",320-656-6522
MN,McLeod County,Lester Prairie,55354,County,"2391 Hennepin Ave N  Glencoe, MN 55336",320-864-1203
MN,Meeker County,Litchfield,55355,County,"325 Sibley Ave N  Litchfield, MN 55355",320-693-5212
MN,Hennepin County,Long Lake,55356,County,"300 South 6th St MC 012  Minneapolis, MN 55487-0012",612-348-5151
MN,Hennepin County,Loretto,55357,County,"300 South 6th St MC 012  Minneapolis, MN 55487-0012",612-348-5151
MN,Wright County,Maple Lake,55358,County,"10 2nd St NW Rm 230  Buffalo, MN 55313-1195",763-682-7692
MN,Hennepin County,Maple Plain,55359,County,"300 South 6th St MC 012  Minneapolis, MN 55487-0012",612-348-5151
MN,Carver County,Mayer,55360,County,"600 E Fourth St  Chaska, MN 55318-2102",952-361-1941
MN,Wright County,Monticello,55362,County,"10 2nd St NW Rm 230  Buffalo, MN 55313-1195",763-682-7692
MN,Wright County,Montrose,55363,County,"10 2nd St NW Rm 230  Buffalo, MN 55313-1195",763-682-7692
MN,Hennepin County,Mound,55364,County,"300 South 6th St MC 012  Minneapolis, MN 55487-0012",612-348-5151
MN,Carver County,New Germany,55367,County,"600 E Fourth St  Chaska, MN 55318-2102",952-361-1941
MN,Carver County,Norwood Young America,55368,County,"600 E Fourth St  Chaska, MN 55318-2102",952-361-1941
MN,Hennepin County,Osseo,55369,County,"300 South 6th St MC 012  Minneapolis, MN 55487-0012",612-348-5151
MN,McLeod County,Plato,55370,County,"2391 Hennepin Ave N  Glencoe, MN 55336",320-864-1203
MN,Mille Lacs County,Princeton,55371,County,"635 2nd St SE  Milaca, MN 56353",320-983-8310
MN,Scott County,Prior Lake,55372,County,"600 County Trail E Jordan, MN 55352",952-496-8560
MN,Wright County,Rockford,55373,County,"10 2nd St NW Rm 230  Buffalo, MN 55313-1195",763-682-7692
MN,Hennepin County,Rogers,55374,County,"300 South 6th St MC 012  Minneapolis, MN 55487-0012",612-348-5151
MN,Hennepin County,Saint Bonifacius,55375,County,"300 South 6th St MC 012  Minneapolis, MN 55487-0012",612-348-5151
MN,Wright County,Saint Michael,55376,County,"10 2nd St NW Rm 230  Buffalo, MN 55313-1195",763-682-7692
MN,Scott County,Savage,55378,County,"600 County Trail E Jordan, MN 55352",952-496-8560
MN,Scott County,Shakopee,55379,County,"600 County Trail E Jordan, MN 55352",952-496-8560
MN,McLeod County,Silver Lake,55381,County,"2391 Hennepin Ave N  Glencoe, MN 55336",320-864-1203
MN,Stearns County,South Haven,55382,County,"3301 County Road 138  Waite Park, MN 56387",320-656-6522
MN,Hennepin County,Spring Park,55384,County,"300 South 6th St MC 012  Minneapolis, MN 55487-0012",612-348-5151
MN,McLeod County,Stewart,55385,County,"2391 Hennepin Ave N  Glencoe, MN 55336",320-864-1203
MN,Carver County,Victoria,55386,County,"600 E Fourth St  Chaska, MN 55318-2102",952-361-1941
MN,Carver County,Waconia,55387,County,"600 E Fourth St  Chaska, MN 55318-2102",952-361-1941
MN,Carver County,Watertown,55388,County,"600 E Fourth St  Chaska, MN 55318-2102",952-361-1941
MN,Meeker County,Watkins,55389,County,"325 Sibley Ave N  Litchfield, MN 55355",320-693-5212
MN,Wright County,Waverly,55390,County,"10 2nd St NW Rm 230  Buffalo, MN 55313-1195",763-682-7692
MN,Hennepin County,Wayzata,55391,County,"300 South 6th St MC 012  Minneapolis, MN 55487-0012",612-348-5151
MN,McLeod County,Winsted,55395,County,"2391 Hennepin Ave N  Glencoe, MN 55336",320-864-1203
MN,Sibley County,Winthrop,55396,County,"400 Court Avenue  Gaylord, MN 55334-0171",507-237-4070
MN,Carver County,Young America,55397,County,"600 E Fourth St  Chaska, MN 55318-2102",952-361-1941
MN,Sherburne County,Zimmerman,55398,County,"13880 Business Center Drive NW  Elk River, MN 55330",763-765-4351
MN,Hennepin County,Minneapolis,55401,County,"300 South 6th St MC 012  Minneapolis, MN 55487-0012",612-348-5151
MN,Hennepin County,Minneapolis,55402,County,"300 South 6th St MC 012  Minneapolis, MN 55487-0012",612-348-5151
MN,Hennepin County,Minneapolis,55403,County,"300 South 6th St MC 012  Minneapolis, MN 55487-0012",612-348-5151
MN,Hennepin County,Minneapolis,55404,County,"300 South 6th St MC 012  Minneapolis, MN 55487-0012",612-348-5151
MN,Hennepin County,Minneapolis,55405,County,"300 South 6th St MC 012  Minneapolis, MN 55487-0012",612-348-5151
MN,Hennepin County,Minneapolis,55406,County,"300 South 6th St MC 012  Minneapolis, MN 55487-0012",612-348-5151
MN,Hennepin County,Minneapolis,55407,County,"300 South 6th St MC 012  Minneapolis, MN 55487-0012",612-348-5151
MN,Hennepin County,Minneapolis,55408,County,"300 South 6th St MC 012  Minneapolis, MN 55487-0012",612-348-5151
MN,Hennepin County,Minneapolis,55409,County,"300 South 6th St MC 012  Minneapolis, MN 55487-0012",612-348-5151
MN,Hennepin County,Minneapolis,55410,County,"300 South 6th St MC 012  Minneapolis, MN 55487-0012",612-348-5151
MN,Hennepin County,Minneapolis,55411,County,"300 South 6th St MC 012  Minneapolis, MN 55487-0012",612-348-5151
MN,Hennepin County,Minneapolis,55412,County,"300 South 6th St MC 012  Minneapolis, MN 55487-0012",612-348-5151
MN,Hennepin County,Minneapolis,55413,County,"300 South 6th St MC 012  Minneapolis, MN 55487-0012",612-348-5151
MN,Hennepin County,Minneapolis,55414,County,"300 South 6th St MC 012  Minneapolis, MN 55487-0012",612-348-5151
MN,Hennepin County,Minneapolis,55415,County,"300 South 6th St MC 012  Minneapolis, MN 55487-0012",612-348-5151
MN,Hennepin County,Minneapolis,55416,County,"300 South 6th St MC 012  Minneapolis, MN 55487-0012",612-348-5151
MN,Hennepin County,Minneapolis,55417,County,"300 South 6th St MC 012  Minneapolis, MN 55487-0012",612-348-5151
MN,Hennepin County,Minneapolis,55418,County,"300 South 6th St MC 012  Minneapolis, MN 55487-0012",612-348-5151
MN,Hennepin County,Minneapolis,55419,County,"300 South 6th St MC 012  Minneapolis, MN 55487-0012",612-348-5151
MN,Hennepin County,Minneapolis,55420,County,"300 South 6th St MC 012  Minneapolis, MN 55487-0012",612-348-5151
MN,Anoka County,Minneapolis,55421,County,"2100 3rd Ave, Suite W130  Anoka, MN 55303-5031",763-324-1300
MN,Hennepin County,Minneapolis,55422,County,"300 South 6th St MC 012  Minneapolis, MN 55487-0012",612-348-5151
MN,Hennepin County,Minneapolis,55423,County,"300 South 6th St MC 012  Minneapolis, MN 55487-0012",612-348-5151
MN,Hennepin County,Minneapolis,55424,County,"300 South 6th St MC 012  Minneapolis, MN 55487-0012",612-348-5151
MN,Hennepin County,Minneapolis,55425,County,"300 South 6th St MC 012  Minneapolis, MN 55487-0012",612-348-5151
MN,Hennepin County,Minneapolis,55426,County,"300 South 6th St MC 012  Minneapolis, MN 55487-0012",612-348-5151
MN,Hennepin County,Minneapolis,55427,County,"300 South 6th St MC 012  Minneapolis, MN 55487-0012",612-348-5151
MN,Hennepin County,Minneapolis,55428,County,"300 South 6th St MC 012  Minneapolis, MN 55487-0012",612-348-5151
MN,Hennepin County,Minneapolis,55429,County,"300 South 6th St MC 012  Minneapolis, MN 55487-0012",612-348-5151
MN,Hennepin County,Minneapolis,55430,County,"300 South 6th St MC 012  Minneapolis, MN 55487-0012",612-348-5151
MN,Hennepin County,Minneapolis,55431,County,"300 South 6th St MC 012  Minneapolis, MN 55487-0012",612-348-5151
MN,Anoka County,Minneapolis,55432,County,"2100 3rd Ave, Suite W130  Anoka, MN 55303-5031",763-324-1300
MN,Anoka County,Minneapolis,55433,County,"2100 3rd Ave, Suite W130  Anoka, MN 55303-5031",763-324-1300
MN,Anoka County,Minneapolis,55434,County,"2100 3rd Ave, Suite W130  Anoka, MN 55303-5031",763-324-1300
MN,Hennepin County,Minneapolis,55435,County,"300 South 6th St MC 012  Minneapolis, MN 55487-0012",612-348-5151
MN,Hennepin County,Minneapolis,55436,County,"300 South 6th St MC 012  Minneapolis, MN 55487-0012",612-348-5151
MN,Hennepin County,Minneapolis,55437,County,"300 South 6th St MC 012  Minneapolis, MN 55487-0012",612-348-5151
MN,Hennepin County,Minneapolis,55438,County,"300 South 6th St MC 012  Minneapolis, MN 55487-0012",612-348-5151
MN,Hennepin County,Minneapolis,55439,County,"300 South 6th St MC 012  Minneapolis, MN 55487-0012",612-348-5151
MN,Hennepin County,Minneapolis,55441,County,"300 South 6th St MC 012  Minneapolis, MN 55487-0012",612-348-5151
MN,Hennepin County,Minneapolis,55442,County,"300 South 6th St MC 012  Minneapolis, MN 55487-0012",612-348-5151
MN,Hennepin County,Minneapolis,55443,County,"300 South 6th St MC 012  Minneapolis, MN 55487-0012",612-348-5151
MN,Hennepin County,Minneapolis,55444,County,"300 South 6th St MC 012  Minneapolis, MN 55487-0012",612-348-5151
MN,Hennepin County,Minneapolis,55445,County,"300 South 6th St MC 012  Minneapolis, MN 55487-0012",612-348-5151
MN,Hennepin County,Minneapolis,55446,County,"300 South 6th St MC 012  Minneapolis, MN 55487-0012",612-348-5151
MN,Hennepin County,Minneapolis,55447,County,"300 South 6th St MC 012  Minneapolis, MN 55487-0012",612-348-5151
MN,Anoka County,Minneapolis,55448,County,"2100 3rd Ave, Suite W130  Anoka, MN 55303-5031",763-324-1300
MN,Anoka County,Minneapolis,55449,County,"2100 3rd Ave, Suite W130  Anoka, MN 55303-5031",763-324-1300
MN,Hennepin County,Minneapolis,55450,County,"300 South 6th St MC 012  Minneapolis, MN 55487-0012",612-348-5151
MN,Hennepin County,Minneapolis,55454,County,"300 South 6th St MC 012  Minneapolis, MN 55487-0012",612-348-5151
MN,Hennepin County,Minneapolis,55455,County,"300 South 6th St MC 012  Minneapolis, MN 55487-0012",612-348-5151
MN,Wright County,Monticello,55561,County,"10 2nd St NW Rm 230  Buffalo, MN 55313-1195",763-682-7692
MN,Wright County,Monticello,55563,County,"10 2nd St NW Rm 230  Buffalo, MN 55313-1195",763-682-7692
MN,Lake County,Finland,55603,County,"601 3rd Ave  Two Harbors, MN 55616",218-834-8473
MN,Cook County,Grand Marais,55604,County,"411 W 2nd St  Grand Marais, MN 55604",218-387-3642
MN,Cook County,Grand Portage,55605,County,"411 W 2nd St  Grand Marais, MN 55604",218-387-3642
MN,Cook County,Hovland,55606,County,"411 W 2nd St  Grand Marais, MN 55604",218-387-3642
MN,Lake County,Isabella,55607,County,"601 3rd Ave  Two Harbors, MN 55616",218-834-8473
MN,Cook County,Lutsen,55612,County,"411 W 2nd St  Grand Marais, MN 55604",218-387-3642
MN,Cook County,Schroeder,55613,County,"411 W 2nd St  Grand Marais, MN 55604",218-387-3642
MN,Lake County,Silver Bay,55614,County,"601 3rd Ave  Two Harbors, MN 55616",218-834-8473
MN,Cook County,Tofte,55615,County,"411 W 2nd St  Grand Marais, MN 55604",218-387-3642
MN,Lake County,Two Harbors,55616,County,"601 3rd Ave  Two Harbors, MN 55616",218-834-8473
MN,Pine County,Askov,55704,County,"635 Northridge Dr NW Ste 240  Pine City, MN 55063",320-591-1670
MN,Carlton County,Barnum,55707,County,"301 Walnut Ave  Carlton, MN 55718",218-384-9127
MN,Itasca County,Bovey,55709,County,"123 NE 4th St  Grand Rapids, MN 55744",218-327-2849
MN,Pine County,Bruno,55712,County,"635 Northridge Dr NW Ste 240  Pine City, MN 55063",320-591-1670
MN,Carlton County,Carlton,55718,County,"301 Walnut Ave  Carlton, MN 55718",218-384-9127
MN,Carlton County,Cloquet,55720,County,"301 Walnut Ave  Carlton, MN 55718",218-384-9127
MN,Itasca County,Cohasset,55721,County,"123 NE 4th St  Grand Rapids, MN 55744",218-327-2849
MN,Carlton County,Cromwell,55726,County,"301 Walnut Ave  Carlton, MN 55718",218-384-9127
MN,Carlton County,Esko,55733,County,"301 Walnut Ave  Carlton, MN 55718",218-384-9127
MN,Pine County,Finlayson,55735,County,"635 Northridge Dr NW Ste 240  Pine City, MN 55063",320-591-1670
MN,Itasca County,Goodland,55742,County,"123 NE 4th St  Grand Rapids, MN 55744",218-327-2849
MN,Itasca County,Grand Rapids,55744,County,"123 NE 4th St  Grand Rapids, MN 55744",218-327-2849
MN,Aitkin County,Hill City,55748,County,"307 2nd St NW Rm 121  Aitkin, MN 56431",218-927-7354
MN,Carlton County,Holyoke,55749,County,"301 Walnut Ave  Carlton, MN 55718",218-384-9127
MN,Aitkin County,Jacobson,55752,County,"307 2nd St NW Rm 121  Aitkin, MN 56431",218-927-7354
MN,Pine County,Kerrick,55756,County,"635 Northridge Dr NW Ste 240  Pine City, MN 55063",320-591-1670
MN,Carlton County,Kettle River,55757,County,"301 Walnut Ave  Carlton, MN 55718",218-384-9127
MN,Aitkin County,Mcgregor,55760,County,"307 2nd St NW Rm 121  Aitkin, MN 56431",218-927-7354
MN,Carlton County,Moose Lake,55767,County,"301 Walnut Ave  Carlton, MN 55718",218-384-9127
MN,Itasca County,Nashwauk,55769,County,"123 NE 4th St  Grand Rapids, MN 55744",218-327-2849
MN,Itasca County,Pengilly,55775,County,"123 NE 4th St  Grand Rapids, MN 55744",218-327-2849
MN,Carlton County,Sawyer,55780,County,"301 Walnut Ave  Carlton, MN 55718",218-384-9127
MN,Pine County,Sturgeon Lake,55783,County,"635 Northridge Dr NW Ste 240  Pine City, MN 55063",320-591-1670
MN,Itasca County,Swan River,55784,County,"123 NE 4th St  Grand Rapids, MN 55744",218-327-2849
MN,Aitkin County,Swatara,55785,County,"307 2nd St NW Rm 121  Aitkin, MN 56431",218-927-7354
MN,Aitkin County,Tamarack,55787,County,"307 2nd St NW Rm 121  Aitkin, MN 56431",218-927-7354
MN,Itasca County,Warba,55793,County,"123 NE 4th St  Grand Rapids, MN 55744",218-327-2849
MN,Pine County,Willow River,55795,County,"635 Northridge Dr NW Ste 240  Pine City, MN 55063",320-591-1670
MN,Carlton County,Wrenshall,55797,County,"301 Walnut Ave  Carlton, MN 55718",218-384-9127
MN,Carlton County,Wright,55798,County,"301 Walnut Ave  Carlton, MN 55718",218-384-9127
MN,Olmsted County,Rochester,55901,County,"151 4th St SE  Rochester, MN 55904</div>",507-328-7650
MN,Olmsted County,Rochester,55902,County,"151 4th St SE  Rochester, MN 55904</div>",507-328-7650
MN,Olmsted County,Rochester,55904,County,"151 4th St SE  Rochester, MN 55904</div>",507-328-7650
MN,Olmsted County,Rochester,55906,County,"151 4th St SE  Rochester, MN 55904</div>",507-328-7650
MN,Mower County,Adams,55909,County,"201 1st St. NE, Ste 7 Austin, MN 55912",507-437-9535
MN,Winona County,Altura,55910,County,"202 W Third St Winona, MN 55987",507-457-8830
MN,Mower County,Austin,55912,County,"201 1st St. NE, Ste 7 Austin, MN 55912",507-437-9535
MN,Steele County,Blooming Prairie,55917,County,"630 Florence Ave  Owatonna, MN 55060",507-444-7410
MN,Mower County,Brownsdale,55918,County,"201 1st St. NE, Ste 7 Austin, MN 55912",507-437-9535
MN,Houston County,Brownsville,55919,County,"304 S Marshall St Rm 116  Caledonia, MN 55921",507-725-5803
MN,Olmsted County,Byron,55920,County,"151 4th St SE  Rochester, MN 55904</div>",507-328-7650
MN,Houston County,Caledonia,55921,County,"304 S Marshall St Rm 116  Caledonia, MN 55921",507-725-5803
MN,Fillmore County,Canton,55922,County,"101 Fillmore St  Preston, MN 55965",507-765-3811
MN,Fillmore County,Chatfield,55923,County,"101 Fillmore St  Preston, MN 55965",507-765-3811
MN,Dodge County,Claremont,55924,County,"721 Main Street North, Dept 45  Mantorville, MN 55955-2204",507-635-6239
MN,Winona County,Dakota,55925,County,"202 W Third St Winona, MN 55987",507-457-8830
MN,Mower County,Dexter,55926,County,"201 1st St. NE, Ste 7 Austin, MN 55912",507-437-9535
MN,Dodge County,Dodge Center,55927,County,"721 Main Street North, Dept 45  Mantorville, MN 55955-2204",507-635-6239
MN,Olmsted County,Dover,55929,County,"151 4th St SE  Rochester, MN 55904</div>",507-328-7650
MN,Houston County,Eitzen,55931,County,"304 S Marshall St Rm 116  Caledonia, MN 55921",507-725-5803
MN,Wabasha County,Elgin,55932,County,"625 Jefferson Ave  Wabasha, MN 55981",651-565-2648
MN,Mower County,Elkton,55933,County,"201 1st St. NE, Ste 7 Austin, MN 55912",507-437-9535
MN,Olmsted County,Eyota,55934,County,"151 4th St SE  Rochester, MN 55904</div>",507-328-7650
MN,Fillmore County,Fountain,55935,County,"101 Fillmore St  Preston, MN 55965",507-765-3811
MN,Mower County,Grand Meadow,55936,County,"201 1st St. NE, Ste 7 Austin, MN 55912",507-437-9535
MN,Fillmore County,Harmony,55939,County,"101 Fillmore St  Preston, MN 55965",507-765-3811
MN,Dodge County,Hayfield,55940,County,"721 Main Street North, Dept 45  Mantorville, MN 55955-2204",507-635-6239
MN,Houston County,Hokah,55941,County,"304 S Marshall St Rm 116  Caledonia, MN 55921",507-725-5803
MN,Houston County,Houston,55943,County,"304 S Marshall St Rm 116  Caledonia, MN 55921",507-725-5803
MN,Dodge County,Kasson,55944,County,"721 Main Street North, Dept 45  Mantorville, MN 55955-2204",507-635-6239
MN,Wabasha County,Kellogg,55945,County,"625 Jefferson Ave  Wabasha, MN 55981",651-565-2648
MN,Goodhue County,Kenyon,55946,County,"509 W 5th St  Red Wing, MN 55066",651-385-3040
MN,Houston County,La Crescent,55947,County,"304 S Marshall St Rm 116  Caledonia, MN 55921",507-725-5803
MN,Fillmore County,Lanesboro,55949,County,"101 Fillmore St  Preston, MN 55965",507-765-3811
MN,Mower County,Le Roy,55951,County,"201 1st St. NE, Ste 7 Austin, MN 55912",507-437-9535
MN,Winona County,Lewiston,55952,County,"202 W Third St Winona, MN 55987",507-457-8830
MN,Mower County,Lyle,55953,County,"201 1st St. NE, Ste 7 Austin, MN 55912",507-437-9535
MN,Fillmore County,Mabel,55954,County,"101 Fillmore St  Preston, MN 55965",507-765-3811
MN,Dodge County,Mantorville,55955,County,"721 Main Street North, Dept 45  Mantorville, MN 55955-2204",507-635-6239
MN,Wabasha County,Mazeppa,55956,County,"625 Jefferson Ave  Wabasha, MN 55981",651-565-2648
MN,Wabasha County,Millville,55957,County,"625 Jefferson Ave  Wabasha, MN 55981",651-565-2648
MN,Winona County,Minnesota City,55959,County,"202 W Third St Winona, MN 55987",507-457-8830
MN,Olmsted County,Oronoco,55960,County,"151 4th St SE  Rochester, MN 55904</div>",507-328-7650
MN,Fillmore County,Ostrander,55961,County,"101 Fillmore St  Preston, MN 55965",507-765-3811
MN,Fillmore County,Peterson,55962,County,"101 Fillmore St  Preston, MN 55965",507-765-3811
MN,Goodhue County,Pine Island,55963,County,"509 W 5th St  Red Wing, MN 55066",651-385-3040
MN,Wabasha County,Plainview,55964,County,"625 Jefferson Ave  Wabasha, MN 55981",651-565-2648
MN,Fillmore County,Preston,55965,County,"101 Fillmore St  Preston, MN 55965",507-765-3811
MN,Mower County,Racine,55967,County,"201 1st St. NE, Ste 7 Austin, MN 55912",507-437-9535
MN,Wabasha County,Reads Landing,55968,County,"625 Jefferson Ave  Wabasha, MN 55981",651-565-2648
MN,Winona County,Rollingstone,55969,County,"202 W Third St Winona, MN 55987",507-457-8830
MN,Mower County,Rose Creek,55970,County,"201 1st St. NE, Ste 7 Austin, MN 55912",507-437-9535
MN,Fillmore County,Rushford,55971,County,"101 Fillmore St  Preston, MN 55965",507-765-3811
MN,Winona County,Saint Charles,55972,County,"202 W Third St Winona, MN 55987",507-457-8830
MN,Mower County,Sargeant,55973,County,"201 1st St. NE, Ste 7 Austin, MN 55912",507-437-9535
MN,Houston County,Spring Grove,55974,County,"304 S Marshall St Rm 116  Caledonia, MN 55921",507-725-5803
MN,Fillmore County,Spring Valley,55975,County,"101 Fillmore St  Preston, MN 55965",507-765-3811
MN,Olmsted County,Stewartville,55976,County,"151 4th St SE  Rochester, MN 55904</div>",507-328-7650
MN,Mower County,Taopi,55977,County,"201 1st St. NE, Ste 7 Austin, MN 55912",507-437-9535
MN,Winona County,Utica,55979,County,"202 W Third St Winona, MN 55987",507-457-8830
MN,Wabasha County,Wabasha,55981,County,"625 Jefferson Ave  Wabasha, MN 55981",651-565-2648
MN,Mower County,Waltham,55982,County,"201 1st St. NE, Ste 7 Austin, MN 55912",507-437-9535
MN,Goodhue County,Wanamingo,55983,County,"509 W 5th St  Red Wing, MN 55066",651-385-3040
MN,Dodge County,West Concord,55985,County,"721 Main Street North, Dept 45  Mantorville, MN 55955-2204",507-635-6239
MN,Winona County,Winona,55987,County,"202 W Third St Winona, MN 55987",507-457-8830
MN,Fillmore County,Wykoff,55990,County,"101 Fillmore St  Preston, MN 55965",507-765-3811
MN,Wabasha County,Zumbro Falls,55991,County,"625 Jefferson Ave  Wabasha, MN 55981",651-565-2648
MN,Goodhue County,Zumbrota,55992,County,"509 W 5th St  Red Wing, MN 55066",651-385-3040
MN,Blue Earth County,Mankato,56001,County,"204 S 5th St  Mankato, MN 56001",507-304-4341
MN,Nicollet County,Mankato,56003,County,"501 S Minnesota Ave  St Peter, MN 56082",507-934-7806
MN,Freeborn County,Albert Lea,56007,County,"411 S Broadway  Albert Lea, MN 56007",507-377-5121
MN,Freeborn County,Alden,56009,County,"411 S Broadway  Albert Lea, MN 56007",507-377-5121
MN,Blue Earth County,Amboy,56010,County,"204 S 5th St  Mankato, MN 56001",507-304-4341
MN,Scott County,Belle Plaine,56011,County,"600 County Trail E Jordan, MN 55352",952-496-8560
MN,Faribault County,Blue Earth,56013,County,"415 N Main St  Blue Earth, MN 56013",507-526-6212
MN,Faribault County,Bricelyn,56014,County,"415 N Main St  Blue Earth, MN 56013",507-526-6212
MN,Freeborn County,Clarks Grove,56016,County,"411 S Broadway  Albert Lea, MN 56007",507-377-5121
MN,Le Sueur County,Cleveland,56017,County,"88 S Park Ave  Le Center, MN 56057",507-357-2251
MN,Brown County,Comfrey,56019,County,"14 South State St  New Ulm, MN 56073",507-233-6614
MN,Nicollet County,Courtland,56021,County,"501 S Minnesota Ave  St Peter, MN 56082",507-934-7806
MN,Faribault County,Delavan,56023,County,"415 N Main St  Blue Earth, MN 56013",507-526-6212
MN,Blue Earth County,Eagle Lake,56024,County,"204 S 5th St  Mankato, MN 56001",507-304-4341
MN,Faribault County,Easton,56025,County,"415 N Main St  Blue Earth, MN 56013",507-526-6212
MN,Steele County,Ellendale,56026,County,"630 Florence Ave  Owatonna, MN 55060",507-444-7410
MN,Faribault County,Elmore,56027,County,"415 N Main St  Blue Earth, MN 56013",507-526-6212
MN,Le Sueur County,Elysian,56028,County,"88 S Park Ave  Le Center, MN 56057",507-357-2251
MN,Freeborn County,Emmons,56029,County,"411 S Broadway  Albert Lea, MN 56007",507-377-5121
MN,Martin County,Fairmont,56031,County,"201 Lake Ave  Fairmont, MN 56031",507-238-3211
MN,Faribault County,Frost,56033,County,"415 N Main St  Blue Earth, MN 56013",507-526-6212
MN,Blue Earth County,Garden City,56034,County,"204 S 5th St  Mankato, MN 56001",507-304-4341
MN,Freeborn County,Glenville,56036,County,"411 S Broadway  Albert Lea, MN 56007",507-377-5121
MN,Blue Earth County,Good Thunder,56037,County,"204 S 5th St  Mankato, MN 56001",507-304-4341
MN,Martin County,Granada,56039,County,"201 Lake Ave  Fairmont, MN 56031",507-238-3211
MN,Brown County,Hanska,56041,County,"14 South State St  New Ulm, MN 56073",507-233-6614
MN,Freeborn County,Hartland,56042,County,"411 S Broadway  Albert Lea, MN 56007",507-377-5121
MN,Freeborn County,Hayward,56043,County,"411 S Broadway  Albert Lea, MN 56007",507-377-5121
MN,Sibley County,Henderson,56044,County,"400 Court Avenue  Gaylord, MN 55334-0171",507-237-4070
MN,Freeborn County,Hollandale,56045,County,"411 S Broadway  Albert Lea, MN 56007",507-377-5121
MN,Waseca County,Janesville,56048,County,"307 N State St  Waseca, MN 56093",507-835-0622
MN,Le Sueur County,Kasota,56050,County,"88 S Park Ave  Le Center, MN 56057",507-357-2251
MN,Faribault County,Kiester,56051,County,"415 N Main St  Blue Earth, MN 56013",507-526-6212
MN,Le Sueur County,Kilkenny,56052,County,"88 S Park Ave  Le Center, MN 56057",507-357-2251
MN,Nicollet County,Lafayette,56054,County,"501 S Minnesota Ave  St Peter, MN 56082",507-934-7806
MN,Blue Earth County,Lake Crystal,56055,County,"204 S 5th St  Mankato, MN 56001",507-304-4341
MN,Le Sueur County,Le Center,56057,County,"88 S Park Ave  Le Center, MN 56057",507-357-2251
MN,Le Sueur County,Le Sueur,56058,County,"88 S Park Ave  Le Center, MN 56057",507-357-2251
MN,Watonwan County,Lewisville,56060,County,"710 2nd Ave S Saint James, MN 56081",507-375-1210
MN,Watonwan County,Madelia,56062,County,"710 2nd Ave S Saint James, MN 56081",507-375-1210
MN,Blue Earth County,Madison Lake,56063,County,"204 S 5th St  Mankato, MN 56001",507-304-4341
MN,Blue Earth County,Mapleton,56065,County,"204 S 5th St  Mankato, MN 56001",507-304-4341
MN,Faribault County,Minnesota Lake,56068,County,"415 N Main St  Blue Earth, MN 56013",507-526-6212
MN,Le Sueur County,Montgomery,56069,County,"88 S Park Ave  Le Center, MN 56057",507-357-2251
MN,Scott County,New Prague,56071,County,"600 County Trail E Jordan, MN 55352",952-496-8560
MN,Waseca County,New Richland,56072,County,"307 N State St  Waseca, MN 56093",507-835-0622
MN,Brown County,New Ulm,56073,County,"14 South State St  New Ulm, MN 56073",507-233-6614
MN,Nicollet County,Nicollet,56074,County,"501 S Minnesota Ave  St Peter, MN 56082",507-934-7806
MN,Blue Earth County,Pemberton,56078,County,"204 S 5th St  Mankato, MN 56001",507-304-4341
MN,Watonwan County,Saint James,56081,County,"710 2nd Ave S Saint James, MN 56081",507-375-1210
MN,Nicollet County,Saint Peter,56082,County,"501 S Minnesota Ave  St Peter, MN 56082",507-934-7806
MN,Redwood County,Sanborn,56083,County,"403 S Mill St  Redwood Falls, MN 56283",507-637-4013
MN,Brown County,Sleepy Eye,56085,County,"14 South State St  New Ulm, MN 56073",507-233-6614
MN,Brown County,Springfield,56087,County,"14 South State St  New Ulm, MN 56073",507-233-6614
MN,Martin County,Truman,56088,County,"201 Lake Ave  Fairmont, MN 56031",507-238-3211
MN,Freeborn County,Twin Lakes,56089,County,"411 S Broadway  Albert Lea, MN 56007",507-377-5121
MN,Blue Earth County,Vernon Center,56090,County,"204 S 5th St  Mankato, MN 56001",507-304-4341
MN,Waseca County,Waldorf,56091,County,"307 N State St  Waseca, MN 56093",507-835-0622
MN,Waseca County,Waseca,56093,County,"307 N State St  Waseca, MN 56093",507-835-0622
MN,Le Sueur County,Waterville,56096,County,"88 S Park Ave  Le Center, MN 56057",507-357-2251
MN,Faribault County,Wells,56097,County,"415 N Main St  Blue Earth, MN 56013",507-526-6212
MN,Faribault County,Winnebago,56098,County,"415 N Main St  Blue Earth, MN 56013",507-526-6212
MN,Cottonwood County,Windom,56101,County,"900 3rd Ave  Windom, MN 56101",507-831-1342
MN,Nobles County,Adrian,56110,County,"315 10th St  Worthington, MN 56187",507-295-5258
MN,Jackson County,Alpha,56111,County,"405 4th St PO Box 226  Jackson, MN 56143",507-847-2763
MN,Lincoln County,Arco,56113,County,"319 N Rebecca St, PO Box 29 Ivanhoe, MN 56142",507-694-1529
MN,Murray County,Avoca,56114,County,"2500 28th St  Slayton, MN 56172-0057",507-836-1154
MN,Lyon County,Balaton,56115,County,"607 W Main  Marshall, MN 56258",507-537-6724
MN,Rock County,Beaver Creek,56116,County,"204 Brown St E  Luverne, MN 56156",507-283-5060
MN,Nobles County,Bigelow,56117,County,"315 10th St  Worthington, MN 56187",507-295-5258
MN,Cottonwood County,Bingham Lake,56118,County,"900 3rd Ave  Windom, MN 56101",507-831-1342
MN,Nobles County,Brewster,56119,County,"315 10th St  Worthington, MN 56187",507-295-5258
MN,Watonwan County,Butterfield,56120,County,"710 2nd Ave S Saint James, MN 56081",507-375-1210
MN,Martin County,Ceylon,56121,County,"201 Lake Ave  Fairmont, MN 56031",507-238-3211
MN,Murray County,Chandler,56122,County,"2500 28th St  Slayton, MN 56172-0057",507-836-1154
MN,Murray County,Currie,56123,County,"2500 28th St  Slayton, MN 56172-0057",507-836-1154
MN,Martin County,Dunnell,56127,County,"201 Lake Ave  Fairmont, MN 56031",507-238-3211
MN,Pipestone County,Edgerton,56128,County,"416 Hiawatha Ave S  Pipestone, MN 56164",507-825-1140
MN,Nobles County,Ellsworth,56129,County,"315 10th St  Worthington, MN 56187",507-295-5258
MN,Murray County,Fulda,56131,County,"2500 28th St  Slayton, MN 56172-0057",507-836-1154
MN,Lyon County,Garvin,56132,County,"607 W Main  Marshall, MN 56258",507-537-6724
MN,Rock County,Hardwick,56134,County,"204 Brown St E  Luverne, MN 56156",507-283-5060
MN,Lincoln County,Hendricks,56136,County,"319 N Rebecca St, PO Box 29 Ivanhoe, MN 56142",507-694-1529
MN,Jackson County,Heron Lake,56137,County,"405 4th St PO Box 226  Jackson, MN 56143",507-847-2763
MN,Rock County,Hills,56138,County,"204 Brown St E  Luverne, MN 56156",507-283-5060
MN,Pipestone County,Holland,56139,County,"416 Hiawatha Ave S  Pipestone, MN 56164",507-825-1140
MN,Murray County,Iona,56141,County,"2500 28th St  Slayton, MN 56172-0057",507-836-1154
MN,Lincoln County,Ivanhoe,56142,County,"319 N Rebecca St, PO Box 29 Ivanhoe, MN 56142",507-694-1529
MN,Jackson County,Jackson,56143,County,"405 4th St PO Box 226  Jackson, MN 56143",507-847-2763
MN,Pipestone County,Jasper,56144,County,"416 Hiawatha Ave S  Pipestone, MN 56164",507-825-1140
MN,Cottonwood County,Jeffers,56145,County,"900 3rd Ave  Windom, MN 56101",507-831-1342
MN,Rock County,Kanaranzi,56146,County,"204 Brown St E  Luverne, MN 56156",507-283-5060
MN,Rock County,Kenneth,56147,County,"204 Brown St E  Luverne, MN 56156",507-283-5060
MN,Lincoln County,Lake Benton,56149,County,"319 N Rebecca St, PO Box 29 Ivanhoe, MN 56142",507-694-1529
MN,Jackson County,Lakefield,56150,County,"405 4th St PO Box 226  Jackson, MN 56143",507-847-2763
MN,Murray County,Lake Wilson,56151,County,"2500 28th St  Slayton, MN 56172-0057",507-836-1154
MN,Redwood County,Lamberton,56152,County,"403 S Mill St  Redwood Falls, MN 56283",507-637-4013
MN,Nobles County,Lismore,56155,County,"315 10th St  Worthington, MN 56187",507-295-5258
MN,Rock County,Luverne,56156,County,"204 Brown St E  Luverne, MN 56156",507-283-5060
MN,Lyon County,Lynd,56157,County,"607 W Main  Marshall, MN 56258",507-537-6724
MN,Rock County,Magnolia,56158,County,"204 Brown St E  Luverne, MN 56156",507-283-5060
MN,Cottonwood County,Mountain Lake,56159,County,"900 3rd Ave  Windom, MN 56101",507-831-1342
MN,Watonwan County,Odin,56160,County,"710 2nd Ave S Saint James, MN 56081",507-375-1210
MN,Jackson County,Okabena,56161,County,"405 4th St PO Box 226  Jackson, MN 56143",507-847-2763
MN,Martin County,Ormsby,56162,County,"201 Lake Ave  Fairmont, MN 56031",507-238-3211
MN,Pipestone County,Pipestone,56164,County,"416 Hiawatha Ave S  Pipestone, MN 56164",507-825-1140
MN,Nobles County,Reading,56165,County,"315 10th St  Worthington, MN 56187",507-295-5258
MN,Redwood County,Revere,56166,County,"403 S Mill St  Redwood Falls, MN 56283",507-637-4013
MN,Nobles County,Round Lake,56167,County,"315 10th St  Worthington, MN 56187",507-295-5258
MN,Nobles County,Rushmore,56168,County,"315 10th St  Worthington, MN 56187",507-295-5258
MN,Lyon County,Russell,56169,County,"607 W Main  Marshall, MN 56258",507-537-6724
MN,Pipestone County,Ruthton,56170,County,"416 Hiawatha Ave S  Pipestone, MN 56164",507-825-1140
MN,Martin County,Sherburn,56171,County,"201 Lake Ave  Fairmont, MN 56031",507-238-3211
MN,Murray County,Slayton,56172,County,"2500 28th St  Slayton, MN 56172-0057",507-836-1154
MN,Rock County,Steen,56173,County,"204 Brown St E  Luverne, MN 56156",507-283-5060
MN,Cottonwood County,Storden,56174,County,"900 3rd Ave  Windom, MN 56101",507-831-1342
MN,Lyon County,Tracy,56175,County,"607 W Main  Marshall, MN 56258",507-537-6724
MN,Martin County,Trimont,56176,County,"201 Lake Ave  Fairmont, MN 56031",507-238-3211
MN,Lincoln County,Tyler,56178,County,"319 N Rebecca St, PO Box 29 Ivanhoe, MN 56142",507-694-1529
MN,Redwood County,Walnut Grove,56180,County,"403 S Mill St  Redwood Falls, MN 56283",507-637-4013
MN,Martin County,Welcome,56181,County,"201 Lake Ave  Fairmont, MN 56031",507-238-3211
MN,Cottonwood County,Westbrook,56183,County,"900 3rd Ave  Windom, MN 56101",507-831-1342
MN,Nobles County,Wilmont,56185,County,"315 10th St  Worthington, MN 56187",507-295-5258
MN,Pipestone County,Woodstock,56186,County,"416 Hiawatha Ave S  Pipestone, MN 56164",507-825-1140
MN,Nobles County,Worthington,56187,County,"315 10th St  Worthington, MN 56187",507-295-5258
MN,Kandiyohi County,Willmar,56201,County,"400 Benson Ave SW  Willmar, MN 56201",320-231-6202
MN,Stevens County,Alberta,56207,County,"400 Colorado Ave Ste 303  Morris, MN 56267",320-208-6570
MN,Swift County,Appleton,56208,County,"301 14th St N  Benson, MN 56215",320-843-4069
MN,Kandiyohi County,Atwater,56209,County,"400 Benson Ave SW  Willmar, MN 56201",320-231-6202
MN,Big Stone County,Beardsley,56211,County,"20 2nd St SE Ste 103  Ortonville, MN 56278",320-839-6366
MN,Lac qui Parle County,Bellingham,56212,County,"600 6th Street, Ste 6  Madison, MN 56256",320-598-7444
MN,Redwood County,Belview,56214,County,"403 S Mill St  Redwood Falls, MN 56283",507-637-4013
MN,Swift County,Benson,56215,County,"301 14th St N  Benson, MN 56215",320-843-4069
MN,Kandiyohi County,Blomkest,56216,County,"400 Benson Ave SW  Willmar, MN 56201",320-231-6202
MN,Lac qui Parle County,Boyd,56218,County,"600 6th Street, Ste 6  Madison, MN 56256",320-598-7444
MN,Traverse County,Browns Valley,56219,County,"702 2nd Ave N  Wheaton, MN 56296",320-422-7740
MN,Yellow Medicine County,Canby,56220,County,"180 8th Ave  Granite Falls, MN 56241-1508",320-564-3132
MN,Stevens County,Chokio,56221,County,"400 Colorado Ave Ste 303  Morris, MN 56267",320-208-6570
MN,Chippewa County,Clara City,56222,County,"629 N 11th St  Montevideo, MN 56265",320-269-7447
MN,Yellow Medicine County,Clarkfield,56223,County,"180 8th Ave  Granite Falls, MN 56241-1508",320-564-3132
MN,Redwood County,Clements,56224,County,"403 S Mill St  Redwood Falls, MN 56283",507-637-4013
MN,Big Stone County,Clinton,56225,County,"20 2nd St SE Ste 103  Ortonville, MN 56278",320-839-6366
MN,Swift County,Clontarf,56226,County,"301 14th St N  Benson, MN 56215",320-843-4069
MN,Big Stone County,Correll,56227,County,"20 2nd St SE Ste 103  Ortonville, MN 56278",320-839-6366
MN,Meeker County,Cosmos,56228,County,"325 Sibley Ave N  Litchfield, MN 55355",320-693-5212
MN,Lyon County,Cottonwood,56229,County,"607 W Main  Marshall, MN 56258",507-537-6724
MN,Renville County,Danube,56230,County,"500 E Depue Ave Ste 202  Olivia, MN 56277",320-523-2071
MN,Swift County,Danvers,56231,County,"301 14th St N  Benson, MN 56215",320-843-4069
MN,Lac qui Parle County,Dawson,56232,County,"600 6th Street, Ste 6  Madison, MN 56256",320-598-7444
MN,Stevens County,Donnelly,56235,County,"400 Colorado Ave Ste 303  Morris, MN 56267",320-208-6570
MN,Traverse County,Dumont,56236,County,"702 2nd Ave N  Wheaton, MN 56296",320-422-7740
MN,Yellow Medicine County,Echo,56237,County,"180 8th Ave  Granite Falls, MN 56241-1508",320-564-3132
MN,Lyon County,Ghent,56239,County,"607 W Main  Marshall, MN 56258",507-537-6724
MN,Big Stone County,Graceville,56240,County,"20 2nd St SE Ste 103  Ortonville, MN 56278",320-839-6366
MN,Yellow Medicine County,Granite Falls,56241,County,"180 8th Ave  Granite Falls, MN 56241-1508",320-564-3132
MN,Meeker County,Grove City,56243,County,"325 Sibley Ave N  Litchfield, MN 55355",320-693-5212
MN,Stevens County,Hancock,56244,County,"400 Colorado Ave Ste 303  Morris, MN 56267",320-208-6570
MN,Yellow Medicine County,Hanley Falls,56245,County,"180 8th Ave  Granite Falls, MN 56241-1508",320-564-3132
MN,Grant County,Herman,56248,County,"10 2nd St NE  Elbow Lake, MN 56531-4400",218-685-8236
MN,Swift County,Holloway,56249,County,"301 14th St N  Benson, MN 56215",320-843-4069
MN,Kandiyohi County,Kandiyohi,56251,County,"400 Benson Ave SW  Willmar, MN 56201",320-231-6202
MN,Swift County,Kerkhoven,56252,County,"301 14th St N  Benson, MN 56215",320-843-4069
MN,Kandiyohi County,Lake Lillian,56253,County,"400 Benson Ave SW  Willmar, MN 56201",320-231-6202
MN,Redwood County,Lucan,56255,County,"403 S Mill St  Redwood Falls, MN 56283",507-637-4013
MN,Lac qui Parle County,Madison,56256,County,"600 6th Street, Ste 6  Madison, MN 56256",320-598-7444
MN,Lac qui Parle County,Marietta,56257,County,"600 6th Street, Ste 6  Madison, MN 56256",320-598-7444
MN,Lyon County,Marshall,56258,County,"607 W Main  Marshall, MN 56258",507-537-6724
MN,Chippewa County,Maynard,56260,County,"629 N 11th St  Montevideo, MN 56265",320-269-7447
MN,Chippewa County,Milan,56262,County,"629 N 11th St  Montevideo, MN 56265",320-269-7447
MN,Redwood County,Milroy,56263,County,"403 S Mill St  Redwood Falls, MN 56283",507-637-4013
MN,Lyon County,Minneota,56264,County,"607 W Main  Marshall, MN 56258",507-537-6724
MN,Chippewa County,Montevideo,56265,County,"629 N 11th St  Montevideo, MN 56265",320-269-7447
MN,Redwood County,Morgan,56266,County,"403 S Mill St  Redwood Falls, MN 56283",507-637-4013
MN,Stevens County,Morris,56267,County,"400 Colorado Ave Ste 303  Morris, MN 56267",320-208-6570
MN,Renville County,Morton,56270,County,"500 E Depue Ave Ste 202  Olivia, MN 56277",320-523-2071
MN,Swift County,Murdock,56271,County,"301 14th St N  Benson, MN 56215",320-843-4069
MN,Kandiyohi County,New London,56273,County,"400 Benson Ave SW  Willmar, MN 56201",320-231-6202
MN,Grant County,Norcross,56274,County,"10 2nd St NE  Elbow Lake, MN 56531-4400",218-685-8236
MN,Big Stone County,Odessa,56276,County,"20 2nd St SE Ste 103  Ortonville, MN 56278",320-839-6366
MN,Renville County,Olivia,56277,County,"500 E Depue Ave Ste 202  Olivia, MN 56277",320-523-2071
MN,Big Stone County,Ortonville,56278,County,"20 2nd St SE Ste 103  Ortonville, MN 56278",320-839-6366
MN,Kandiyohi County,Pennock,56279,County,"400 Benson Ave SW  Willmar, MN 56201",320-231-6202
MN,Yellow Medicine County,Porter,56280,County,"180 8th Ave  Granite Falls, MN 56241-1508",320-564-3132
MN,Kandiyohi County,Prinsburg,56281,County,"400 Benson Ave SW  Willmar, MN 56201",320-231-6202
MN,Kandiyohi County,Raymond,56282,County,"400 Benson Ave SW  Willmar, MN 56201",320-231-6202
MN,Redwood County,Redwood Falls,56283,County,"403 S Mill St  Redwood Falls, MN 56283",507-637-4013
MN,Renville County,Renville,56284,County,"500 E Depue Ave Ste 202  Olivia, MN 56277",320-523-2071
MN,Renville County,Sacred Heart,56285,County,"500 E Depue Ave Ste 202  Olivia, MN 56277",320-523-2071
MN,Redwood County,Seaforth,56287,County,"403 S Mill St  Redwood Falls, MN 56283",507-637-4013
MN,Kandiyohi County,Spicer,56288,County,"400 Benson Ave SW  Willmar, MN 56201",320-231-6202
MN,Kandiyohi County,Sunburg,56289,County,"400 Benson Ave SW  Willmar, MN 56201",320-231-6202
MN,Lyon County,Taunton,56291,County,"607 W Main  Marshall, MN 56258",507-537-6724
MN,Redwood County,Vesta,56292,County,"403 S Mill St  Redwood Falls, MN 56283",507-637-4013
MN,Redwood County,Wabasso,56293,County,"403 S Mill St  Redwood Falls, MN 56283",507-637-4013
MN,Chippewa County,Watson,56295,County,"629 N 11th St  Montevideo, MN 56265",320-269-7447
MN,Traverse County,Wheaton,56296,County,"702 2nd Ave N  Wheaton, MN 56296",320-422-7740
MN,Yellow Medicine County,Wood Lake,56297,County,"180 8th Ave  Granite Falls, MN 56241-1508",320-564-3132
MN,Stearns County,Saint Cloud,56301,County,"3301 County Road 138  Waite Park, MN 56387",320-656-6522
MN,Stearns County,Saint Cloud,56303,County,"3301 County Road 138  Waite Park, MN 56387",320-656-6522
MN,Sherburne County,Saint Cloud,56304,County,"13880 Business Center Drive NW  Elk River, MN 55330",763-765-4351
MN,Stearns County,Albany,56307,County,"3301 County Road 138  Waite Park, MN 56387",320-656-6522
MN,Douglas County,Alexandria,56308,County,"305 8th Ave W  Alexandria, MN 56308",320-762-3077
MN,Grant County,Ashby,56309,County,"10 2nd St NE  Elbow Lake, MN 56531-4400",218-685-8236
MN,Stearns County,Avon,56310,County,"3301 County Road 138  Waite Park, MN 56387",320-656-6522
MN,Grant County,Barrett,56311,County,"10 2nd St NE  Elbow Lake, MN 56531-4400",218-685-8236
MN,Stearns County,Belgrade,56312,County,"3301 County Road 138  Waite Park, MN 56387",320-656-6522
MN,Morrison County,Bowlus,56314,County,"213 SE 1st Ave  Little Falls, MN 56345",320-632-0132
MN,Douglas County,Brandon,56315,County,"305 8th Ave W  Alexandria, MN 56308",320-762-3077
MN,Stearns County,Brooten,56316,County,"3301 County Road 138  Waite Park, MN 56387",320-656-6522
MN,Todd County,Burtrum,56318,County,"215 1st Ave S Ste 201  Long Prairie, MN 56347",320-732-4414
MN,Douglas County,Carlos,56319,County,"305 8th Ave W  Alexandria, MN 56308",320-762-3077
MN,Stearns County,Cold Spring,56320,County,"3301 County Road 138  Waite Park, MN 56387",320-656-6522
MN,Pope County,Cyrus,56323,County,"130 E Minnesota Ave Ste 218  Glenwood, MN 56334-4525",320-634-7706
MN,Otter Tail County,Dalton,56324,County,"510 Fir Ave W  Fergus Falls, MN 56537",218-998-8040
MN,Douglas County,Evansville,56326,County,"305 8th Ave W  Alexandria, MN 56308",320-762-3077
MN,Douglas County,Farwell,56327,County,"305 8th Ave W  Alexandria, MN 56308",320-762-3077
MN,Benton County,Foley,56329,County,"531 Dewey St  Foley, MN 56329-0129",320-968-5027
MN,Mille Lacs County,Foreston,56330,County,"635 2nd St SE  Milaca, MN 56353",320-983-8310
MN,Stearns County,Freeport,56331,County,"3301 County Road 138  Waite Park, MN 56387",320-656-6522
MN,Douglas County,Garfield,56332,County,"305 8th Ave W  Alexandria, MN 56308",320-762-3077
MN,Pope County,Glenwood,56334,County,"130 E Minnesota Ave Ste 218  Glenwood, MN 56334-4525",320-634-7706
MN,Todd County,Grey Eagle,56336,County,"215 1st Ave S Ste 201  Long Prairie, MN 56347",320-732-4414
MN,Morrison County,Hillman,56338,County,"213 SE 1st Ave  Little Falls, MN 56345",320-632-0132
MN,Grant County,Hoffman,56339,County,"10 2nd St NE  Elbow Lake, MN 56531-4400",218-685-8236
MN,Stearns County,Holdingford,56340,County,"3301 County Road 138  Waite Park, MN 56387",320-656-6522
MN,Mille Lacs County,Isle,56342,County,"635 2nd St SE  Milaca, MN 56353",320-983-8310
MN,Douglas County,Kensington,56343,County,"305 8th Ave W  Alexandria, MN 56308",320-762-3077
MN,Morrison County,Little Falls,56345,County,"213 SE 1st Ave  Little Falls, MN 56345",320-632-0132
MN,Todd County,Long Prairie,56347,County,"215 1st Ave S Ste 201  Long Prairie, MN 56347",320-732-4414
MN,Pope County,Lowry,56349,County,"130 E Minnesota Ave Ste 218  Glenwood, MN 56334-4525",320-634-7706
MN,Aitkin County,Mc Grath,56350,County,"307 2nd St NW Rm 121  Aitkin, MN 56431",218-927-7354
MN,Stearns County,Melrose,56352,County,"3301 County Road 138  Waite Park, MN 56387",320-656-6522
MN,Mille Lacs County,Milaca,56353,County,"635 2nd St SE  Milaca, MN 56353",320-983-8310
MN,Douglas County,Miltona,56354,County,"305 8th Ave W  Alexandria, MN 56308",320-762-3077
MN,Douglas County,Nelson,56355,County,"305 8th Ave W  Alexandria, MN 56308",320-762-3077
MN,Benton County,Oak Park,56357,County,"531 Dewey St  Foley, MN 56329-0129",320-968-5027
MN,Kanabec County,Ogilvie,56358,County,"18 N Vine St Ste 261-A  Mora, MN 55051-1351",320-679-6430
MN,Mille Lacs County,Onamia,56359,County,"635 2nd St SE  Milaca, MN 56353",320-983-8310
MN,Douglas County,Osakis,56360,County,"305 8th Ave W  Alexandria, MN 56308",320-762-3077
MN,Otter Tail County,Parkers Prairie,56361,County,"510 Fir Ave W  Fergus Falls, MN 56537",218-998-8040
MN,Stearns County,Paynesville,56362,County,"3301 County Road 138  Waite Park, MN 56387",320-656-6522
MN,Morrison County,Pierz,56364,County,"213 SE 1st Ave  Little Falls, MN 56345",320-632-0132
MN,Benton County,Rice,56367,County,"531 Dewey St  Foley, MN 56329-0129",320-968-5027
MN,Stearns County,Richmond,56368,County,"3301 County Road 138  Waite Park, MN 56387",320-656-6522
MN,Stearns County,Roscoe,56371,County,"3301 County Road 138  Waite Park, MN 56387",320-656-6522
MN,Morrison County,Royalton,56373,County,"213 SE 1st Ave  Little Falls, MN 56345",320-632-0132
MN,Stearns County,Saint Joseph,56374,County,"3301 County Road 138  Waite Park, MN 56387",320-656-6522
MN,Stearns County,Saint Stephen,56375,County,"3301 County Road 138  Waite Park, MN 56387",320-656-6522
MN,Stearns County,Sartell,56377,County,"3301 County Road 138  Waite Park, MN 56387",320-656-6522
MN,Stearns County,Sauk Centre,56378,County,"3301 County Road 138  Waite Park, MN 56387",320-656-6522
MN,Benton County,Sauk Rapids,56379,County,"531 Dewey St  Foley, MN 56329-0129",320-968-5027
MN,Pope County,Starbuck,56381,County,"130 E Minnesota Ave Ste 218  Glenwood, MN 56334-4525",320-634-7706
MN,Morrison County,Swanville,56382,County,"213 SE 1st Ave  Little Falls, MN 56345",320-632-0132
MN,Morrison County,Upsala,56384,County,"213 SE 1st Ave  Little Falls, MN 56345",320-632-0132
MN,Pope County,Villard,56385,County,"130 E Minnesota Ave Ste 218  Glenwood, MN 56334-4525",320-634-7706
MN,Mille Lacs County,Wahkon,56386,County,"635 2nd St SE  Milaca, MN 56353",320-983-8310
MN,Stearns County,Waite Park,56387,County,"3301 County Road 138  Waite Park, MN 56387",320-656-6522
MN,Stearns County,Waite Park,56388,County,"3301 County Road 138  Waite Park, MN 56387",320-656-6522
MN,Crow Wing County,Brainerd,56401,County,"326 Laurel St - Historic Courthouse Ste 22  Brainerd, MN 56401",218-824-1051
MN,Crow Wing County,Baxter,56425,County,"326 Laurel St - Historic Courthouse Ste 22  Brainerd, MN 56401",218-824-1051
MN,Aitkin County,Aitkin,56431,County,"307 2nd St NW Rm 121  Aitkin, MN 56431",218-927-7354
MN,Hubbard County,Akeley,56433,County,"301 Court Ave  Park Rapids, MN 56470",218-732-3196
MN,Todd County,Aldrich,56434,County,"215 1st Ave S Ste 201  Long Prairie, MN 56347",320-732-4414
MN,Cass County,Backus,56435,County,"303 Minnesota Ave W  Walker, MN 56484",218-547-7275
MN,Todd County,Bertha,56437,County,"215 1st Ave S Ste 201  Long Prairie, MN 56347",320-732-4414
MN,Todd County,Browerville,56438,County,"215 1st Ave S Ste 201  Long Prairie, MN 56347",320-732-4414
MN,Todd County,Clarissa,56440,County,"215 1st Ave S Ste 201  Long Prairie, MN 56347",320-732-4414
MN,Crow Wing County,Crosby,56441,County,"326 Laurel St - Historic Courthouse Ste 22  Brainerd, MN 56401",218-824-1051
MN,Crow Wing County,Crosslake,56442,County,"326 Laurel St - Historic Courthouse Ste 22  Brainerd, MN 56401",218-824-1051
MN,Morrison County,Cushing,56443,County,"213 SE 1st Ave  Little Falls, MN 56345",320-632-0132
MN,Crow Wing County,Deerwood,56444,County,"326 Laurel St - Historic Courthouse Ste 22  Brainerd, MN 56401",218-824-1051
MN,Todd County,Eagle Bend,56446,County,"215 1st Ave S Ste 201  Long Prairie, MN 56347",320-732-4414
MN,Crow Wing County,Emily,56447,County,"326 Laurel St - Historic Courthouse Ste 22  Brainerd, MN 56401",218-824-1051
MN,Crow Wing County,Fifty Lakes,56448,County,"326 Laurel St - Historic Courthouse Ste 22  Brainerd, MN 56401",218-824-1051
MN,Crow Wing County,Fort Ripley,56449,County,"326 Laurel St - Historic Courthouse Ste 22  Brainerd, MN 56401",218-824-1051
MN,Crow Wing County,Garrison,56450,County,"326 Laurel St - Historic Courthouse Ste 22  Brainerd, MN 56401",218-824-1051
MN,Cass County,Hackensack,56452,County,"303 Minnesota Ave W  Walker, MN 56484",218-547-7275
MN,Todd County,Hewitt,56453,County,"215 1st Ave S Ste 201  Long Prairie, MN 56347",320-732-4414
MN,Crow Wing County,Ironton,56455,County,"326 Laurel St - Historic Courthouse Ste 22  Brainerd, MN 56401",218-824-1051
MN,Hubbard County,Lake George,56458,County,"301 Court Ave  Park Rapids, MN 56470",218-732-3196
MN,Hubbard County,Laporte,56461,County,"301 Court Ave  Park Rapids, MN 56470",218-732-3196
MN,Wadena County,Menahga,56464,County,"415 S Jefferson St  Wadena, MN 56482",218-631-7792
MN,Crow Wing County,Merrifield,56465,County,"326 Laurel St - Historic Courthouse Ste 22  Brainerd, MN 56401",218-824-1051
MN,Cass County,Motley,56466,County,"303 Minnesota Ave W  Walker, MN 56484",218-547-7275
MN,Hubbard County,Nevis,56467,County,"301 Court Ave  Park Rapids, MN 56470",218-732-3196
MN,Crow Wing County,Nisswa,56468,County,"326 Laurel St - Historic Courthouse Ste 22  Brainerd, MN 56401",218-824-1051
MN,Aitkin County,Palisade,56469,County,"307 2nd St NW Rm 121  Aitkin, MN 56431",218-927-7354
MN,Hubbard County,Park Rapids,56470,County,"301 Court Ave  Park Rapids, MN 56470",218-732-3196
MN,Crow Wing County,Pequot Lakes,56472,County,"326 Laurel St - Historic Courthouse Ste 22  Brainerd, MN 56401",218-824-1051
MN,Cass County,Pillager,56473,County,"303 Minnesota Ave W  Walker, MN 56484",218-547-7275
MN,Cass County,Pine River,56474,County,"303 Minnesota Ave W  Walker, MN 56484",218-547-7275
MN,Morrison County,Randall,56475,County,"213 SE 1st Ave  Little Falls, MN 56345",320-632-0132
MN,Wadena County,Sebeka,56477,County,"415 S Jefferson St  Wadena, MN 56482",218-631-7792
MN,Wadena County,Nimrod,56478,County,"415 S Jefferson St  Wadena, MN 56482",218-631-7792
MN,Todd County,Staples,56479,County,"215 1st Ave S Ste 201  Long Prairie, MN 56347",320-732-4414
MN,Wadena County,Verndale,56481,County,"415 S Jefferson St  Wadena, MN 56482",218-631-7792
MN,Wadena County,Wadena,56482,County,"415 S Jefferson St  Wadena, MN 56482",218-631-7792
MN,Cass County,Walker,56484,County,"303 Minnesota Ave W  Walker, MN 56484",218-547-7275
MN,Becker County,Detroit Lakes,56501,County,"915 Lake Ave  Detroit Lakes, MN 56501",218-846-7311
MN,Norman County,Ada,56510,County,"16 E 3rd Ave  Ada, MN 56510",218-784-5471
MN,Becker County,Audubon,56511,County,"915 Lake Ave  Detroit Lakes, MN 56501",218-846-7311
MN,Clay County,Barnesville,56514,County,"807 N 11th St  Moorhead, MN 56560",218-299-5006
MN,Otter Tail County,Battle Lake,56515,County,"510 Fir Ave W  Fergus Falls, MN 56537",218-998-8040
MN,Norman County,Bejou,56516,County,"16 E 3rd Ave  Ada, MN 56510",218-784-5471
MN,Polk County,Beltrami,56517,County,"612 N Broadway Ste 207  Crookston, MN 56716-1452",218-281-2554
MN,Otter Tail County,Bluffton,56518,County,"510 Fir Ave W  Fergus Falls, MN 56537",218-998-8040
MN,Norman County,Borup,56519,County,"16 E 3rd Ave  Ada, MN 56510",218-784-5471
MN,Wilkin County,Breckenridge,56520,County,"300 S 5th St  Breckenridge, MN 56520",218-643-7165
MN,Becker County,Callaway,56521,County,"915 Lake Ave  Detroit Lakes, MN 56501",218-846-7311
MN,Wilkin County,Campbell,56522,County,"300 S 5th St  Breckenridge, MN 56520",218-643-7165
MN,Polk County,Climax,56523,County,"612 N Broadway Ste 207  Crookston, MN 56716-1452",218-281-2554
MN,Otter Tail County,Clitherall,56524,County,"510 Fir Ave W  Fergus Falls, MN 56537",218-998-8040
MN,Otter Tail County,Deer Creek,56527,County,"510 Fir Ave W  Fergus Falls, MN 56537",218-998-8040
MN,Otter Tail County,Dent,56528,County,"510 Fir Ave W  Fergus Falls, MN 56537",218-998-8040
MN,Clay County,Dilworth,56529,County,"807 N 11th St  Moorhead, MN 56560",218-299-5006
MN,Grant County,Elbow Lake,56531,County,"10 2nd St NE  Elbow Lake, MN 56531-4400",218-685-8236
MN,Otter Tail County,Elizabeth,56533,County,"510 Fir Ave W  Fergus Falls, MN 56537",218-998-8040
MN,Otter Tail County,Erhard,56534,County,"510 Fir Ave W  Fergus Falls, MN 56537",218-998-8040
MN,Polk County,Erskine,56535,County,"612 N Broadway Ste 207  Crookston, MN 56716-1452",218-281-2554
MN,Clay County,Felton,56536,County,"807 N 11th St  Moorhead, MN 56560",218-299-5006
MN,Otter Tail County,Fergus Falls,56537,County,"510 Fir Ave W  Fergus Falls, MN 56537",218-998-8040
MN,Polk County,Fertile,56540,County,"612 N Broadway Ste 207  Crookston, MN 56716-1452",218-281-2554
MN,Polk County,Fosston,56542,County,"612 N Broadway Ste 207  Crookston, MN 56716-1452",218-281-2554
MN,Wilkin County,Foxhome,56543,County,"300 S 5th St  Breckenridge, MN 56520",218-643-7165
MN,Becker County,Frazee,56544,County,"915 Lake Ave  Detroit Lakes, MN 56501",218-846-7311
MN,Norman County,Gary,56545,County,"16 E 3rd Ave  Ada, MN 56510",218-784-5471
MN,Clay County,Georgetown,56546,County,"807 N 11th St  Moorhead, MN 56560",218-299-5006
MN,Clay County,Glyndon,56547,County,"807 N 11th St  Moorhead, MN 56560",218-299-5006
MN,Norman County,Halstad,56548,County,"16 E 3rd Ave  Ada, MN 56510",218-784-5471
MN,Clay County,Hawley,56549,County,"807 N 11th St  Moorhead, MN 56560",218-299-5006
MN,Norman County,Hendrum,56550,County,"16 E 3rd Ave  Ada, MN 56510",218-784-5471
MN,Otter Tail County,Henning,56551,County,"510 Fir Ave W  Fergus Falls, MN 56537",218-998-8040
MN,Clay County,Hitterdal,56552,County,"807 N 11th St  Moorhead, MN 56560",218-299-5006
MN,Wilkin County,Kent,56553,County,"300 S 5th St  Breckenridge, MN 56520",218-643-7165
MN,Becker County,Lake Park,56554,County,"915 Lake Ave  Detroit Lakes, MN 56501",218-846-7311
MN,Polk County,Mcintosh,56556,County,"612 N Broadway Ste 207  Crookston, MN 56716-1452",218-281-2554
MN,Norman County,Mahnomen,56557,County,"16 E 3rd Ave  Ada, MN 56510",218-784-5471
MN,Clay County,Moorhead,56560,County,"807 N 11th St  Moorhead, MN 56560",218-299-5006
MN,Clay County,Moorhead,56562,County,"807 N 11th St  Moorhead, MN 56560",218-299-5006
MN,Clay County,Moorhead,56563,County,"807 N 11th St  Moorhead, MN 56560",218-299-5006
MN,Wilkin County,Nashua,56565,County,"300 S 5th St  Breckenridge, MN 56520",218-643-7165
MN,Mahnomen County,Naytahwaush,56566,County,"311 N Main St  Mahnomen, MN 56557",218-935-5669
MN,Otter Tail County,New York Mills,56567,County,"510 Fir Ave W  Fergus Falls, MN 56537",218-998-8040
MN,Polk County,Nielsville,56568,County,"612 N Broadway Ste 207  Crookston, MN 56716-1452",218-281-2554
MN,Becker County,Ogema,56569,County,"915 Lake Ave  Detroit Lakes, MN 56501",218-846-7311
MN,Becker County,Osage,56570,County,"915 Lake Ave  Detroit Lakes, MN 56501",218-846-7311
MN,Otter Tail County,Ottertail,56571,County,"510 Fir Ave W  Fergus Falls, MN 56537",218-998-8040
MN,Otter Tail County,Pelican Rapids,56572,County,"510 Fir Ave W  Fergus Falls, MN 56537",218-998-8040
MN,Otter Tail County,Perham,56573,County,"510 Fir Ave W  Fergus Falls, MN 56537",218-998-8040
MN,Norman County,Perley,56574,County,"16 E 3rd Ave  Ada, MN 56510",218-784-5471
MN,Becker County,Ponsford,56575,County,"915 Lake Ave  Detroit Lakes, MN 56501",218-846-7311
MN,Otter Tail County,Richville,56576,County,"510 Fir Ave W  Fergus Falls, MN 56537",218-998-8040
MN,Becker County,Rochert,56578,County,"915 Lake Ave  Detroit Lakes, MN 56501",218-846-7311
MN,Wilkin County,Rothsay,56579,County,"300 S 5th St  Breckenridge, MN 56520",218-643-7165
MN,Clay County,Sabin,56580,County,"807 N 11th St  Moorhead, MN 56560",218-299-5006
MN,Norman County,Shelly,56581,County,"16 E 3rd Ave  Ada, MN 56510",218-784-5471
MN,Traverse County,Tintah,56583,County,"702 2nd Ave N  Wheaton, MN 56296",320-422-7740
MN,Norman County,Twin Valley,56584,County,"16 E 3rd Ave  Ada, MN 56510",218-784-5471
MN,Clay County,Ulen,56585,County,"807 N 11th St  Moorhead, MN 56560",218-299-5006
MN,Otter Tail County,Underwood,56586,County,"510 Fir Ave W  Fergus Falls, MN 56537",218-998-8040
MN,Otter Tail County,Vergas,56587,County,"510 Fir Ave W  Fergus Falls, MN 56537",218-998-8040
MN,Otter Tail County,Vining,56588,County,"510 Fir Ave W  Fergus Falls, MN 56537",218-998-8040
MN,Clearwater County,Waubun,56589,County,"213 Main Ave N Dept 202  Bagley, MN 56621-8304",218-694-6520
MN,Grant County,Wendell,56590,County,"10 2nd St NE  Elbow Lake, MN 56531-4400",218-685-8236
MN,Polk County,Winger,56592,County,"612 N Broadway Ste 207  Crookston, MN 56716-1452",218-281-2554
MN,Wilkin County,Wolverton,56594,County,"300 S 5th St  Breckenridge, MN 56520",218-643-7165
MN,Beltrami County,Bemidji,56601,County,"701 Minnesota Ave NW Ste 220  Bemidji, MN 56601-3178",218-333-8476
MN,Clearwater County,Bagley,56621,County,"213 Main Ave N Dept 202  Bagley, MN 56621-8304",218-694-6520
MN,Lake of the Woods County,Baudette,56623,County,"206 8th Ave SE Ste 260  Baudette, MN 56623",218-634-2836
MN,Cass County,Bena,56626,County,"303 Minnesota Ave W  Walker, MN 56484",218-547-7275
MN,Koochiching County,Big Falls,56627,County,"715 4th St  International Falls, MN 56649",218-283-1112
MN,Itasca County,Bigfork,56628,County,"123 NE 4th St  Grand Rapids, MN 55744",218-327-2849
MN,Beltrami County,Blackduck,56630,County,"701 Minnesota Ave NW Ste 220  Bemidji, MN 56601-3178",218-333-8476
MN,Hubbard County,Cass Lake,56633,County,"301 Court Ave  Park Rapids, MN 56470",218-732-3196
MN,Clearwater County,Clearbrook,56634,County,"213 Main Ave N Dept 202  Bagley, MN 56621-8304",218-694-6520
MN,Itasca County,Deer River,56636,County,"123 NE 4th St  Grand Rapids, MN 55744",218-327-2849
MN,Itasca County,Talmoon,56637,County,"123 NE 4th St  Grand Rapids, MN 55744",218-327-2849
MN,Itasca County,Effie,56639,County,"123 NE 4th St  Grand Rapids, MN 55744",218-327-2849
MN,Cass County,Federal Dam,56641,County,"303 Minnesota Ave W  Walker, MN 56484",218-547-7275
MN,Clearwater County,Gonvick,56644,County,"213 Main Ave N Dept 202  Bagley, MN 56621-8304",218-694-6520
MN,Polk County,Gully,56646,County,"612 N Broadway Ste 207  Crookston, MN 56716-1452",218-281-2554
MN,Beltrami County,Hines,56647,County,"701 Minnesota Ave NW Ste 220  Bemidji, MN 56601-3178",218-333-8476
MN,Koochiching County,International Falls,56649,County,"715 4th St  International Falls, MN 56649",218-283-1112
MN,Beltrami County,Kelliher,56650,County,"701 Minnesota Ave NW Ste 220  Bemidji, MN 56601-3178",218-333-8476
MN,Polk County,Lengby,56651,County,"612 N Broadway Ste 207  Crookston, MN 56716-1452",218-281-2554
MN,Clearwater County,Leonard,56652,County,"213 Main Ave N Dept 202  Bagley, MN 56621-8304",218-694-6520
MN,Koochiching County,Littlefork,56653,County,"715 4th St  International Falls, MN 56649",218-283-1112
MN,Koochiching County,Loman,56654,County,"715 4th St  International Falls, MN 56649",218-283-1112
MN,Cass County,Longville,56655,County,"303 Minnesota Ave W  Walker, MN 56484",218-547-7275
MN,Itasca County,Marcell,56657,County,"123 NE 4th St  Grand Rapids, MN 55744",218-327-2849
MN,Koochiching County,Margie,56658,County,"715 4th St  International Falls, MN 56649",218-283-1112
MN,Itasca County,Max,56659,County,"123 NE 4th St  Grand Rapids, MN 55744",218-327-2849
MN,Koochiching County,Mizpah,56660,County,"715 4th St  International Falls, MN 56649",218-283-1112
MN,Koochiching County,Northome,56661,County,"715 4th St  International Falls, MN 56649",218-283-1112
MN,Cass County,Outing,56662,County,"303 Minnesota Ave W  Walker, MN 56484",218-547-7275
MN,Beltrami County,Pennington,56663,County,"701 Minnesota Ave NW Ste 220  Bemidji, MN 56601-3178",218-333-8476
MN,Beltrami County,Puposky,56667,County,"701 Minnesota Ave NW Ste 220  Bemidji, MN 56601-3178",218-333-8476
MN,Koochiching County,Kabetogama,56669,County,"715 4th St  International Falls, MN 56649",218-283-1112
MN,Cass County,Remer,56672,County,"303 Minnesota Ave W  Walker, MN 56484",218-547-7275
MN,Roseau County,Roosevelt,56673,County,"606 5th Ave SW Rm 160  Roseau, MN 56751-1477",218-463-1282
MN,Clearwater County,Shevlin,56676,County,"213 Main Ave N Dept 202  Bagley, MN 56621-8304",218-694-6520
MN,Beltrami County,Solway,56678,County,"701 Minnesota Ave NW Ste 220  Bemidji, MN 56601-3178",218-333-8476
MN,Itasca County,Spring Lake,56680,County,"123 NE 4th St  Grand Rapids, MN 55744",218-327-2849
MN,Itasca County,Squaw Lake,56681,County,"123 NE 4th St  Grand Rapids, MN 55744",218-327-2849
MN,Roseau County,Swift,56682,County,"606 5th Ave SW Rm 160  Roseau, MN 56751-1477",218-463-1282
MN,Beltrami County,Tenstrike,56683,County,"701 Minnesota Ave NW Ste 220  Bemidji, MN 56601-3178",218-333-8476
MN,Polk County,Trail,56684,County,"612 N Broadway Ste 207  Crookston, MN 56716-1452",218-281-2554
MN,Beltrami County,Waskish,56685,County,"701 Minnesota Ave NW Ste 220  Bemidji, MN 56601-3178",218-333-8476
MN,Lake of the Woods County,Williams,56686,County,"206 8th Ave SE Ste 260  Baudette, MN 56623",218-634-2836
MN,Itasca County,Wirt,56688,County,"123 NE 4th St  Grand Rapids, MN 55744",218-327-2849
MN,Pennington County,Thief River Falls,56701,County,"101 Main Ave N  Thief River Falls, MN 56701",218-683-7000
MN,Marshall County,Alvarado,56710,County,"208 E Colvin Ave, Ste 11  Warren, MN 56762",218-745-4851
MN,Marshall County,Argyle,56713,County,"208 E Colvin Ave, Ste 11  Warren, MN 56762",218-745-4851
MN,Roseau County,Badger,56714,County,"606 5th Ave SW Rm 160  Roseau, MN 56751-1477",218-463-1282
MN,Red Lake County,Brooks,56715,County,"124 Langevin Ave  Red Lake Falls, MN 56750",218-253-2598
MN,Polk County,Crookston,56716,County,"612 N Broadway Ste 207  Crookston, MN 56716-1452",218-281-2554
MN,Polk County,East Grand Forks,56721,County,"612 N Broadway Ste 207  Crookston, MN 56716-1452",218-281-2554
MN,Polk County,Euclid,56722,County,"612 N Broadway Ste 207  Crookston, MN 56716-1452",218-281-2554
MN,Polk County,Fisher,56723,County,"612 N Broadway Ste 207  Crookston, MN 56716-1452",218-281-2554
MN,Marshall County,Gatzke,56724,County,"208 E Colvin Ave, Ste 11  Warren, MN 56762",218-745-4851
MN,Pennington County,Goodridge,56725,County,"101 Main Ave N  Thief River Falls, MN 56701",218-683-7000
MN,Roseau County,Greenbush,56726,County,"606 5th Ave SW Rm 160  Roseau, MN 56751-1477",218-463-1282
MN,Marshall County,Grygla,56727,County,"208 E Colvin Ave, Ste 11  Warren, MN 56762",218-745-4851
MN,Kittson County,Hallock,56728,County,"410 5th St SE Ste 212  Hallock, MN 56728",218-843-2655
MN,Kittson County,Halma,56729,County,"410 5th St SE Ste 212  Hallock, MN 56728",218-843-2655
MN,Kittson County,Karlstad,56732,County,"410 5th St SE Ste 212  Hallock, MN 56728",218-843-2655
MN,Kittson County,Kennedy,56733,County,"410 5th St SE Ste 212  Hallock, MN 56728",218-843-2655
MN,Kittson County,Lake Bronson,56734,County,"410 5th St SE Ste 212  Hallock, MN 56728",218-843-2655
MN,Kittson County,Lancaster,56735,County,"410 5th St SE Ste 212  Hallock, MN 56728",218-843-2655
MN,Polk County,Mentor,56736,County,"612 N Broadway Ste 207  Crookston, MN 56716-1452",218-281-2554
MN,Marshall County,Middle River,56737,County,"208 E Colvin Ave, Ste 11  Warren, MN 56762",218-745-4851
MN,Marshall County,Newfolden,56738,County,"208 E Colvin Ave, Ste 11  Warren, MN 56762",218-745-4851
MN,Kittson County,Noyes,56740,County,"410 5th St SE Ste 212  Hallock, MN 56728",218-843-2655
MN,Red Lake County,Oklee,56742,County,"124 Langevin Ave  Red Lake Falls, MN 56750",218-253-2598
MN,Marshall County,Oslo,56744,County,"208 E Colvin Ave, Ste 11  Warren, MN 56762",218-745-4851
MN,Red Lake County,Plummer,56748,County,"124 Langevin Ave  Red Lake Falls, MN 56750",218-253-2598
MN,Red Lake County,Red Lake Falls,56750,County,"124 Langevin Ave  Red Lake Falls, MN 56750",218-253-2598
MN,Roseau County,Roseau,56751,County,"606 5th Ave SW Rm 160  Roseau, MN 56751-1477",218-463-1282
MN,Pennington County,Saint Hilaire,56754,County,"101 Main Ave N  Thief River Falls, MN 56701",218-683-7000
MN,Kittson County,Saint Vincent,56755,County,"410 5th St SE Ste 212  Hallock, MN 56728",218-843-2655
MN,Roseau County,Salol,56756,County,"606 5th Ave SW Rm 160  Roseau, MN 56751-1477",218-463-1282
MN,Marshall County,Stephen,56757,County,"208 E Colvin Ave, Ste 11  Warren, MN 56762",218-745-4851
MN,Marshall County,Strandquist,56758,County,"208 E Colvin Ave, Ste 11  Warren, MN 56762",218-745-4851
MN,Roseau County,Strathcona,56759,County,"606 5th Ave SW Rm 160  Roseau, MN 56751-1477",218-463-1282
MN,Marshall County,Viking,56760,County,"208 E Colvin Ave, Ste 11  Warren, MN 56762",218-745-4851
MN,Roseau County,Wannaska,56761,County,"606 5th Ave SW Rm 160  Roseau, MN 56751-1477",218-463-1282
MN,Marshall County,Warren,56762,County,"208 E Colvin Ave, Ste 11  Warren, MN 56762",218-745-4851
MN,Roseau County,Warroad,56763,County,"606 5th Ave SW Rm 160  Roseau, MN 56751-1477",218-463-1282
